Actual,Logistic_Regression_Prediction,Logistic_Regression_Probability,Decision_Tree_Prediction,Decision_Tree_Probability
1,0,0.36523313893344345,0,0.37142857142857144
1,1,0.9748068219586619,1,0.8670886075949367
1,1,0.9055680531645155,1,0.8670886075949367
1,1,0.9619009463739288,1,0.8670886075949367
0,1,0.6104536016397362,0,0.45652173913043476
0,1,0.6619774556463361,1,0.9411764705882353
0,0,0.3533864145190943,1,0.5652173913043478
1,1,0.9409325523418056,1,0.9871794871794872
0,0,0.12155095656547267,0,0.06756756756756757
1,1,0.7961159551486471,1,0.5652173913043478
1,0,0.13445967689418759,0,0.45652173913043476
0,0,0.027271398370566545,0,0.06756756756756757
0,0,0.008085157953926543,0,0.06756756756756757
0,0,0.07830276476146138,0,0.37142857142857144
0,1,0.9959186212646463,1,1.0
1,1,0.981892583974548,1,1.0
0,0,0.03559257594828215,0,0.05
1,1,0.9679533662348784,1,0.8670886075949367
0,0,0.2129689203063358,0,0.05
1,1,0.5591110164994183,0,0.0
0,1,0.8396034687481353,1,1.0
1,1,0.9876828901940025,1,0.9871794871794872
0,0,0.03144785574949152,0,0.06756756756756757
0,0,0.13890271324486486,0,0.45652173913043476
1,1,0.9883292018969456,1,0.9871794871794872
1,1,0.9264520104511563,1,0.8670886075949367
0,0,0.10452178654262648,0,0.05
1,1,0.9354075100805982,1,1.0
1,0,0.25232629839537146,0,0.06756756756756757
0,0,0.019284034983097897,0,0.06756756756756757
0,0,0.12590373585168763,0,0.07142857142857142
1,0,0.22802747429173387,0,0.37142857142857144
0,0,0.4441049694306265,0,0.37142857142857144
0,1,0.6728322855119591,0,0.37142857142857144
1,1,0.9237005137195993,1,0.9871794871794872
1,1,0.736130492247671,1,0.9230769230769231
1,1,0.9298797805322199,1,0.9871794871794872
1,1,0.907770276236628,1,0.8670886075949367
0,0,0.060625014747013616,0,0.06756756756756757
1,0,0.07461737830860414,0,0.425
1,1,0.9767597805770016,1,0.8670886075949367
1,1,0.9959880328170582,1,0.8670886075949367
1,1,0.9470678682952015,1,0.8670886075949367
0,0,0.14305546607574013,0,0.06756756756756757
1,1,0.6618899073221235,1,1.0
1,1,0.994027734797481,1,0.8670886075949367
1,1,0.8333859444212023,1,0.8670886075949367
0,1,0.5794962939637736,0,0.37142857142857144
1,1,0.891303965831264,1,0.9333333333333333
0,1,0.664997925132328,0,0.45652173913043476
0,0,0.33993987466952424,0,0.37142857142857144
0,1,0.7634206062419652,0,0.06756756756756757
0,0,0.04718708134574838,0,0.06756756756756757
0,0,0.10674294771013045,0,0.06756756756756757
1,1,0.8226902037895477,1,0.8670886075949367
0,0,0.11145642436250151,0,0.06756756756756757
1,1,0.9935534749305278,1,0.9871794871794872
0,0,0.07179121918846224,0,0.06756756756756757
0,0,0.48568357704598564,1,0.8670886075949367
0,0,0.023629857788408638,0,0.07142857142857142
0,0,0.21231292192334306,0,0.37142857142857144
1,1,0.9279298264428082,1,0.8670886075949367
0,0,0.24396371033781425,0,0.06756756756756757
1,1,0.7232357855985608,1,0.8670886075949367
0,0,0.10217305598967402,0,0.06756756756756757
1,1,0.6465685157402253,0,0.37142857142857144
1,1,0.5506145612114788,1,0.5652173913043478
1,1,0.7733783811515269,1,1.0
0,0,0.08856515851621195,0,0.06756756756756757
0,0,0.03504540805105728,0,0.06756756756756757
0,1,0.5966907114991423,1,0.9871794871794872
1,1,0.8157912092658475,0,0.0
0,0,0.23057906288844718,0,0.06756756756756757
1,1,0.9906028017999817,1,0.7692307692307693
0,0,0.08205929351443499,0,0.06756756756756757
1,1,0.9662166247240251,1,1.0
1,1,0.9530614780269212,1,1.0
1,0,0.37469269783165665,1,0.8670886075949367
1,1,0.8373973718886316,1,0.8670886075949367
1,1,0.8320348752109755,0,0.425
1,0,0.3439758067384846,1,1.0
1,1,0.9591595782024703,1,0.8670886075949367
1,1,0.9680394838466785,1,0.5652173913043478
0,0,0.14499516829356499,0,0.06756756756756757
1,1,0.9811312678704129,1,0.9871794871794872
0,0,0.20932580041810786,0,0.37142857142857144
1,1,0.7880089830867781,1,0.8670886075949367
1,1,0.8333746776384381,1,0.8670886075949367
0,0,0.053645921688241296,1,1.0
1,1,0.863284690341236,1,0.8670886075949367
0,0,0.07562327042061585,0,0.06756756756756757
1,1,0.9657792857049518,1,0.8670886075949367
0,0,0.12011812296001322,0,0.06756756756756757
0,0,0.09226113970644319,0,0.425
0,0,0.19879440427774792,0,0.06756756756756757
1,1,0.7909082841216828,1,0.8670886075949367
1,1,0.8712279674348155,1,0.9871794871794872
1,1,0.96938612725967,1,0.8670886075949367
0,1,0.5118236057880662,0,0.06756756756756757
1,1,0.9580510615300782,1,0.9871794871794872
1,1,0.5887139764373648,0,0.37142857142857144
1,1,0.7820615063712281,1,0.8670886075949367
1,1,0.9227604458420859,1,0.5652173913043478
0,0,0.039189986410893045,0,0.06756756756756757
1,1,0.908547041141066,1,0.8670886075949367
1,1,0.7248242112810842,1,1.0
1,1,0.8753701016727726,0,0.37142857142857144
1,1,0.8549344611250733,1,0.9230769230769231
0,0,0.038972374936489834,0,0.07142857142857142
1,1,0.7151094675088983,0,0.45652173913043476
1,1,0.8100986423408393,1,1.0
0,0,0.10791804953260478,0,0.3333333333333333
0,0,0.06262596224855857,0,0.06756756756756757
1,1,0.9082233470109985,1,0.8670886075949367
1,1,0.9774334552427846,1,0.8670886075949367
1,1,0.7256904276952174,1,0.8670886075949367
1,1,0.9700675355904296,1,0.8670886075949367
0,0,0.08020476515878625,0,0.06756756756756757
0,0,0.030296581389080337,0,0.06756756756756757
1,1,0.9608273939421623,1,1.0
0,0,0.040678080396734075,0,0.425
1,1,0.9495476068142356,1,0.8670886075949367
0,0,0.2953908153150168,0,0.37142857142857144
0,1,0.8148603659577796,1,1.0
0,0,0.18768704787058296,0,0.06756756756756757
1,1,0.5772276099349352,1,0.9871794871794872
0,0,0.17452757031786473,0,0.06756756756756757
1,1,0.994423059464051,1,0.9871794871794872
1,1,0.5318820622078558,0,0.3333333333333333
0,0,0.21076570321767463,0,0.07142857142857142
0,0,0.07982708621348704,0,0.06756756756756757
0,1,0.5454581912898618,0,0.37142857142857144
0,0,0.15119496528359344,1,0.9411764705882353
0,0,0.057195829301202976,0,0.06756756756756757
1,1,0.9863862314666649,1,0.5652173913043478
1,1,0.8715413079502403,1,0.9871794871794872
1,0,0.31209047499962983,0,0.37142857142857144
0,0,0.09390582699061478,0,0.06756756756756757
1,1,0.6427437294407087,1,0.9411764705882353
0,1,0.5125406395693886,0,0.425
1,1,0.9592740444043296,1,1.0
1,1,0.9330515917009246,0,0.37142857142857144
0,0,0.457914794562913,1,0.5652173913043478
0,0,0.08258846092235202,0,0.06756756756756757
1,1,0.9831962642830632,1,0.8670886075949367
1,1,0.721356742350291,1,0.9411764705882353
0,1,0.6861934156017653,1,0.5652173913043478
0,0,0.33392688223317707,1,0.9411764705882353
1,0,0.3007856567363429,0,0.425
1,1,0.6917980295917784,1,0.8670886075949367
1,1,0.9863376487836037,0,0.45652173913043476
0,0,0.10358502061648352,0,0.425
1,1,0.8965990136071662,0,0.45652173913043476
0,1,0.8332685005159806,1,0.8670886075949367
1,1,0.9836113495388749,1,1.0
1,1,0.9002991265765713,1,0.8670886075949367
0,0,0.23388851369369382,0,0.37142857142857144
0,1,0.5428488900327456,1,0.9411764705882353
1,1,0.702921358071844,0,0.37142857142857144
1,0,0.4951531337450318,0,0.45652173913043476
0,0,0.17349043261299593,0,0.06756756756756757
1,1,0.9896533704387348,1,0.8670886075949367
0,1,0.9741680238101106,0,0.45652173913043476
0,0,0.09696800739972751,0,0.06756756756756757
1,1,0.6202873251940787,1,0.7692307692307693
0,1,0.6366099811755491,1,0.9411764705882353
1,1,0.9926145987457876,1,1.0
1,1,0.9736839865537171,1,0.9411764705882353
0,0,0.033925060165804224,0,0.06756756756756757
1,1,0.9239444486383743,1,0.8670886075949367
1,1,0.879447263027409,1,0.9871794871794872
0,0,0.42987040309247354,0,0.37142857142857144
1,1,0.988445310411781,1,0.9871794871794872
1,1,0.8862886818180854,1,0.8670886075949367
0,0,0.39142691610327435,0,0.37142857142857144
1,0,0.49240778449943934,1,0.9230769230769231
0,0,0.05038100048980166,0,0.06756756756756757
0,0,0.04329922459011689,0,0.06756756756756757
1,1,0.968435233885593,1,0.8670886075949367
0,1,0.6505188763772819,0,0.07142857142857142
1,1,0.9779626809917219,1,0.8670886075949367
1,1,0.938515672308451,1,1.0
1,1,0.523112537088381,1,0.8670886075949367
1,1,0.9229164936260125,1,0.9871794871794872
